{"accuracy": 0.7651018922852983, "precision": 0.7714192103538015, "recall": 0.7651018922852983, "f1_score": 0.7662407144474304, "confusion_matrix": [[1158, 362, 36], [271, 1751, 201], [36, 385, 1296]]}